<?xml version="1.0" encoding="UTF-8"?>
<suppressions xmlns="https://jeremylong.github.io/DependencyCheck/dependency-suppression.1.3.xsd">
   <suppress>
      <notes><![CDATA[
      file name: hibernate-validator-6.0.18.Final.jar
      ]]></notes>
      <packageUrl regex="true">^pkg:maven/org\.hibernate\.validator/hibernate\-validator@.*$</packageUrl>
      <cve>CVE-2020-10693</cve>
   </suppress>
   <suppress>
   <notes><![CDATA[
   file name: snakeyaml-1.25.jar
   ]]></notes>
   <packageUrl regex="true">^pkg:maven/org\.yaml/snakeyaml@.*$</packageUrl>
   <cve>CVE-2017-18640</cve>
   </suppress>
   <suppress>
   <notes><![CDATA[
   file name: spring-web-5.2.3.RELEASE.jar
   ]]></notes>
   <packageUrl regex="true">^pkg:maven/org\.springframework/spring\-web@.*$</packageUrl>
   <cve>CVE-2016-1000027</cve>
</suppress>
<suppress>
   <notes><![CDATA[
   file name: tomcat-embed-websocket-9.0.30.jar
   ]]></notes>
   <packageUrl regex="true">^pkg:maven/org\.apache\.tomcat\.embed/tomcat\-embed\-websocket@.*$</packageUrl>
   <cve>CVE-2020-1938</cve>
</suppress>
<suppress>
   <notes><![CDATA[
   file name: logback-core-1.2.3.jar
   ]]></notes>
   <packageUrl regex="true">^pkg:maven/ch\.qos\.logback/logback\-core@.*$</packageUrl>
   <cve>CVE-2021-42550</cve>
</suppress>
<suppress>
   <notes><![CDATA[
   file name: jackson-databind-2.10.2.jar
   ]]></notes>
   <packageUrl regex="true">^pkg:maven/com\.fasterxml\.jackson\.core/jackson\-databind@.*$</packageUrl>
   <cve>CVE-2020-36518</cve>
</suppress>
<suppress>
   <notes><![CDATA[
   file name: jackson-databind-2.10.2.jar
   ]]></notes>
   <packageUrl regex="true">^pkg:maven/com\.fasterxml\.jackson\.core/jackson\-databind@.*$</packageUrl>
   <cve>CVE-2020-25649</cve>
</suppress>

<suppress>
   <notes><![CDATA[
   file name: log4j-api-2.12.1.jar
   ]]></notes>
   <packageUrl regex="true">^pkg:maven/org\.apache\.logging\.log4j/log4j\-api@.*$</packageUrl>
   <cve>CVE-2020-9488</cve>
</suppress>
<suppress>
   <notes><![CDATA[
   file name: logback-classic-1.2.3.jar
   ]]></notes>
   <packageUrl regex="true">^pkg:maven/ch\.qos\.logback/logback\-classic@.*$</packageUrl>
   <cve>CVE-2021-42550</cve>
</suppress>

<suppress>
   <notes><![CDATA[
   file name: tomcat-embed-core-9.0.30.jar
   ]]></notes>
   <packageUrl regex="true">^pkg:maven/org\.apache\.tomcat\.embed/tomcat\-embed\-core@.*$</packageUrl>
   <cpe>cpe:/a:apache_tomcat:apache_tomcat</cpe>
</suppress>
<suppress>
   <notes><![CDATA[
   file name: logback-classic-1.2.3.jar
   ]]></notes>
   <packageUrl regex="true">^pkg:maven/ch\.qos\.logback/logback\-classic@.*$</packageUrl>
   <cpe>cpe:/a:qos:logback</cpe>
</suppress>
<suppress>
   <notes><![CDATA[
   file name: spring-boot-2.2.4.RELEASE.jar
   ]]></notes>
   <packageUrl regex="true">^pkg:maven/org\.springframework\.boot/spring\-boot@.*$</packageUrl>
   <cve>CVE-2022-27772</cve>
</suppress>
  <suppress>
   <notes><![CDATA[
   file name: tomcat-embed-websocket-9.0.30.jar
   ]]></notes>
   <packageUrl regex="true">^pkg:maven/org\.apache\.tomcat\.embed/tomcat\-embed\-websocket@.*$</packageUrl>
   <cpe>cpe:/a:apache:tomcat</cpe>
</suppress>
<suppress>
   <notes><![CDATA[
   file name: tomcat-embed-core-9.0.30.jar
   ]]></notes>
   <packageUrl regex="true">^pkg:maven/org\.apache\.tomcat\.embed/tomcat\-embed\-core@.*$</packageUrl>
   <cpe>cpe:/a:apache:tomcat</cpe>
</suppress>
<suppress>
   <notes><![CDATA[
   file name: log4j-api-2.12.1.jar
   ]]></notes>
   <packageUrl regex="true">^pkg:maven/org\.apache\.logging\.log4j/log4j\-api@.*$</packageUrl>
   <cve>CVE-2022-33915</cve>
</suppress>
<suppress>
   <notes><![CDATA[
   file name: tomcat-embed-websocket-9.0.30.jar
   ]]></notes>
   <packageUrl regex="true">^pkg:maven/org\.apache\.tomcat\.embed/tomcat\-embed\-websocket@.*$</packageUrl>
   <cpe>cpe:/a:apache_tomcat:apache_tomcat</cpe>
</suppress>

</suppressions>